card_number,nominal_uah,sku,printed_code,shopify_code
1,500,GIFT-500,044e-a51b-46cf,044EA51B46CF
2,500,GIFT-500,0446-fa62-4e4f,0446FA624E4F
3,500,GIFT-500,0440-017b-4489,0440017B4489
4,500,GIFT-500,044c-4cf5-4cbd,044C4CF54CBD
5,500,GIFT-500,044d-81fb-409c,044D81FB409C
6,500,GIFT-500,044e-bd1f-42d6,044EBD1F42D6
7,500,GIFT-500,0441-9f29-4d91,04419F294D91
8,500,GIFT-500,0449-7546-4f1c,044975464F1C
9,500,GIFT-500,044e-e2ba-49c8,044EE2BA49C8
10,500,GIFT-500,044b-478e-490e,044B478E490E
11,500,GIFT-500,0445-052d-476d,0445052D476D
12,500,GIFT-500,0443-188c-4e65,0443188C4E65
13,500,GIFT-500,0442-42ed-4b67,044242ED4B67
14,500,GIFT-500,044d-183d-490e,044D183D490E
15,500,GIFT-500,0443-bf49-47c7,0443BF4947C7
16,500,GIFT-500,0446-efda-49e1,0446EFDA49E1
17,500,GIFT-500,044e-7fc4-4c70,044E7FC44C70
18,500,GIFT-500,0444-e522-4a93,0444E5224A93
19,500,GIFT-500,0448-d10a-4ab3,0448D10A4AB3
20,500,GIFT-500,0444-03eb-4d8c,044403EB4D8C
21,500,GIFT-500,0444-b410-4ad9,0444B4104AD9
22,500,GIFT-500,0442-e338-4e58,0442E3384E58
23,500,GIFT-500,0445-7854-46f1,0445785446F1
24,500,GIFT-500,0440-8326-4276,044083264276
25,500,GIFT-500,0443-ab48-4480,0443AB484480
26,500,GIFT-500,0445-6521-4874,044565214874
27,500,GIFT-500,0445-cfa0-49c3,0445CFA049C3
28,500,GIFT-500,044d-4e86-41ac,044D4E8641AC
29,500,GIFT-500,0443-244d-4cc3,0443244D4CC3
30,500,GIFT-500,0441-e9ae-47a6,0441E9AE47A6
31,500,GIFT-500,044f-9290-40e6,044F929040E6
32,500,GIFT-500,0448-19c5-47b9,044819C547B9
33,500,GIFT-500,0442-116f-4036,0442116F4036
34,500,GIFT-500,0444-e2f7-46de,0444E2F746DE
35,500,GIFT-500,0442-8511-4051,044285114051
36,500,GIFT-500,0449-a1f4-4d51,0449A1F44D51
37,500,GIFT-500,0448-a07f-494f,0448A07F494F
38,500,GIFT-500,0443-8727-4a02,044387274A02
39,500,GIFT-500,0445-e27f-4582,0445E27F4582
40,500,GIFT-500,0442-12f6-4c49,044212F64C49
41,500,GIFT-500,0448-6795-4801,044867954801
42,500,GIFT-500,044a-9318-40f9,044A931840F9
43,500,GIFT-500,0449-8b49-4588,04498B494588
44,500,GIFT-500,0443-34e9-4272,044334E94272
45,500,GIFT-500,0443-32d4-4e66,044332D44E66
46,500,GIFT-500,0448-7d9b-40f9,04487D9B40F9
47,500,GIFT-500,0441-0012-4654,044100124654
48,500,GIFT-500,044b-deaa-442b,044BDEAA442B
49,500,GIFT-500,0447-fbd9-4b65,0447FBD94B65
50,500,GIFT-500,044c-71c2-4b34,044C71C24B34
51,1000,GIFT-1000,0442-b7c2-42a2,0442B7C242A2
52,1000,GIFT-1000,0444-ac17-4df6,0444AC174DF6
53,1000,GIFT-1000,0442-0ffa-47cb,04420FFA47CB
54,1000,GIFT-1000,0442-37e9-4897,044237E94897
55,1000,GIFT-1000,0442-5d5b-4956,04425D5B4956
56,1000,GIFT-1000,044f-d599-4cc0,044FD5994CC0
57,1000,GIFT-1000,0443-4fa4-4c2e,04434FA44C2E
58,1000,GIFT-1000,044c-9bec-4d04,044C9BEC4D04
59,1000,GIFT-1000,0445-86d3-42f3,044586D342F3
60,1000,GIFT-1000,0448-6094-4540,044860944540
61,1000,GIFT-1000,0448-49af-4de9,044849AF4DE9
62,1000,GIFT-1000,044a-9425-45de,044A942545DE
63,1000,GIFT-1000,0441-0257-4f4e,044102574F4E
64,1000,GIFT-1000,0447-33ab-4ec5,044733AB4EC5
65,1000,GIFT-1000,044a-1dee-4092,044A1DEE4092
66,1000,GIFT-1000,044f-d442-4e8d,044FD4424E8D
67,1000,GIFT-1000,0447-0933-490c,04470933490C
68,1000,GIFT-1000,0442-ab22-4058,0442AB224058
69,1000,GIFT-1000,0444-ea56-4019,0444EA564019
70,1000,GIFT-1000,044a-5463-4c60,044A54634C60
71,1000,GIFT-1000,0446-cdb7-45ef,0446CDB745EF
72,1000,GIFT-1000,0441-6af7-481d,04416AF7481D
73,1000,GIFT-1000,044b-69b0-4841,044B69B04841
74,1000,GIFT-1000,0449-1da1-4da9,04491DA14DA9
75,1000,GIFT-1000,0447-2b44-4c83,04472B444C83
76,1000,GIFT-1000,0440-4a75-4f7f,04404A754F7F
77,1000,GIFT-1000,0446-b549-4235,0446B5494235
78,1000,GIFT-1000,0445-7dfd-479f,04457DFD479F
79,1000,GIFT-1000,0447-d72f-4e2b,0447D72F4E2B
80,1000,GIFT-1000,0449-578f-48b8,0449578F48B8
81,1000,GIFT-1000,0442-4b41-48dc,04424B4148DC
82,1000,GIFT-1000,044b-630c-4774,044B630C4774
83,1000,GIFT-1000,044e-ec9a-46cd,044EEC9A46CD
84,1000,GIFT-1000,044a-d8b2-4d41,044AD8B24D41
85,1000,GIFT-1000,0447-5ade-4fcf,04475ADE4FCF
86,1000,GIFT-1000,0446-7c24-4318,04467C244318
87,1000,GIFT-1000,044c-ea51-4fb0,044CEA514FB0
88,1000,GIFT-1000,0448-fffb-4a52,0448FFFB4A52
89,1000,GIFT-1000,044e-d19c-40a8,044ED19C40A8
90,1000,GIFT-1000,044e-a56f-4d00,044EA56F4D00
91,1000,GIFT-1000,0441-9388-4654,044193884654
92,1000,GIFT-1000,0446-c9eb-40e0,0446C9EB40E0
93,1000,GIFT-1000,0449-2126-4244,044921264244
94,1000,GIFT-1000,044f-8eb5-458b,044F8EB5458B
95,1000,GIFT-1000,0443-1b30-491c,04431B30491C
96,1000,GIFT-1000,0441-ab3c-4344,0441AB3C4344
97,1000,GIFT-1000,044d-177a-4791,044D177A4791
98,1000,GIFT-1000,0442-6ef1-48c9,04426EF148C9
99,1000,GIFT-1000,044a-5a12-431a,044A5A12431A
100,1000,GIFT-1000,044b-bcdb-4311,044BBCDB4311
101,2000,GIFT-2000,0445-ed16-44e5,0445ED1644E5
102,2000,GIFT-2000,0442-f9cf-4e0a,0442F9CF4E0A
103,2000,GIFT-2000,0442-6399-444c,04426399444C
104,2000,GIFT-2000,044b-1c52-42e2,044B1C5242E2
105,2000,GIFT-2000,044f-b411-45a5,044FB41145A5
106,2000,GIFT-2000,0448-70e4-45a7,044870E445A7
107,2000,GIFT-2000,0443-45f9-45bc,044345F945BC
108,2000,GIFT-2000,044a-a3ef-4643,044AA3EF4643
109,2000,GIFT-2000,044c-52b3-465a,044C52B3465A
110,2000,GIFT-2000,0446-cd8e-4f57,0446CD8E4F57
111,2000,GIFT-2000,0448-8272-4424,044882724424
112,2000,GIFT-2000,0447-7dc9-474f,04477DC9474F
113,2000,GIFT-2000,0445-eb63-452c,0445EB63452C
114,2000,GIFT-2000,0448-2ea7-4e24,04482EA74E24
115,2000,GIFT-2000,0446-f04a-4493,0446F04A4493
116,2000,GIFT-2000,044d-bd67-4a5d,044DBD674A5D
117,2000,GIFT-2000,0449-01e0-48e0,044901E048E0
118,2000,GIFT-2000,0443-4592-41f2,0443459241F2
119,2000,GIFT-2000,0447-9e5a-4724,04479E5A4724
120,2000,GIFT-2000,0445-84ed-4ee9,044584ED4EE9
121,2000,GIFT-2000,0444-e31e-411e,0444E31E411E
122,2000,GIFT-2000,0446-340c-43f4,0446340C43F4
123,2000,GIFT-2000,0441-d386-4fa2,0441D3864FA2
124,2000,GIFT-2000,044f-52e6-48ee,044F52E648EE
125,2000,GIFT-2000,0440-70e8-4423,044070E84423
126,2000,GIFT-2000,044c-3fd5-4314,044C3FD54314
127,2000,GIFT-2000,0445-527f-4828,0445527F4828
128,2000,GIFT-2000,0443-46d8-4143,044346D84143
129,2000,GIFT-2000,0447-bc95-441e,0447BC95441E
130,2000,GIFT-2000,044c-86d8-409e,044C86D8409E
131,2000,GIFT-2000,0445-c3cf-4016,0445C3CF4016
132,2000,GIFT-2000,044a-74f1-448f,044A74F1448F
133,2000,GIFT-2000,044e-55d4-40c9,044E55D440C9
134,2000,GIFT-2000,0447-237d-4598,0447237D4598
135,2000,GIFT-2000,0449-39b6-4995,044939B64995
136,2000,GIFT-2000,0445-4580-4dc0,044545804DC0
137,2000,GIFT-2000,0449-4f45-44ce,04494F4544CE
138,2000,GIFT-2000,0444-36d0-460d,044436D0460D
139,2000,GIFT-2000,0446-2eca-4db1,04462ECA4DB1
140,2000,GIFT-2000,0440-36f6-49a7,044036F649A7
141,2000,GIFT-2000,0447-fef9-4f27,0447FEF94F27
142,2000,GIFT-2000,0440-f6f8-424a,0440F6F8424A
143,2000,GIFT-2000,044a-c2d2-48d9,044AC2D248D9
144,2000,GIFT-2000,0449-8c6a-451f,04498C6A451F
145,2000,GIFT-2000,044d-960c-404c,044D960C404C
146,2000,GIFT-2000,0448-b6a0-4baa,0448B6A04BAA
147,2000,GIFT-2000,0442-f747-464c,0442F747464C
148,2000,GIFT-2000,0442-8eda-4ebf,04428EDA4EBF
149,2000,GIFT-2000,044b-f9c0-41c4,044BF9C041C4
150,2000,GIFT-2000,0445-fe63-4f85,0445FE634F85
151,3000,GIFT-3000,0444-1e83-4078,04441E834078
152,3000,GIFT-3000,044a-8fdd-48e2,044A8FDD48E2
153,3000,GIFT-3000,0449-fa88-43e1,0449FA8843E1
154,3000,GIFT-3000,0440-ab83-46fe,0440AB8346FE
155,3000,GIFT-3000,0441-7943-4290,044179434290
156,3000,GIFT-3000,044b-e25e-4c1e,044BE25E4C1E
157,3000,GIFT-3000,0440-426d-45dc,0440426D45DC
158,3000,GIFT-3000,044a-106c-41b1,044A106C41B1
159,3000,GIFT-3000,0446-53a1-4477,044653A14477
160,3000,GIFT-3000,0440-6242-4b0e,044062424B0E
161,3000,GIFT-3000,0443-a2ac-4371,0443A2AC4371
162,3000,GIFT-3000,0443-a236-4bfe,0443A2364BFE
163,3000,GIFT-3000,044d-d162-4753,044DD1624753
164,3000,GIFT-3000,0442-2a6f-4bde,04422A6F4BDE
165,3000,GIFT-3000,0448-7d0b-4606,04487D0B4606
166,3000,GIFT-3000,044f-7322-4094,044F73224094
167,3000,GIFT-3000,044a-97c3-4816,044A97C34816
168,3000,GIFT-3000,0440-cb25-4c5e,0440CB254C5E
169,3000,GIFT-3000,044e-806c-45af,044E806C45AF
170,3000,GIFT-3000,0449-1f45-4a43,04491F454A43
171,3000,GIFT-3000,0441-0cda-439b,04410CDA439B
172,3000,GIFT-3000,0441-26bf-4b01,044126BF4B01
173,3000,GIFT-3000,0447-d00c-4bca,0447D00C4BCA
174,3000,GIFT-3000,044b-5e31-4ff7,044B5E314FF7
175,3000,GIFT-3000,0443-d5bc-4f57,0443D5BC4F57
176,3000,GIFT-3000,044d-4c97-49a0,044D4C9749A0
177,3000,GIFT-3000,044d-a852-4630,044DA8524630
178,3000,GIFT-3000,0442-fad7-4e6b,0442FAD74E6B
179,3000,GIFT-3000,044c-69ef-4963,044C69EF4963
180,3000,GIFT-3000,044f-a900-4010,044FA9004010
181,3000,GIFT-3000,044e-8aba-4fa8,044E8ABA4FA8
182,3000,GIFT-3000,0441-6703-4fc0,044167034FC0
183,3000,GIFT-3000,0447-a648-4a6e,0447A6484A6E
184,3000,GIFT-3000,0445-b301-4d24,0445B3014D24
185,3000,GIFT-3000,0449-95c1-4c7a,044995C14C7A
186,3000,GIFT-3000,0443-6d14-49da,04436D1449DA
187,3000,GIFT-3000,044c-68e7-4441,044C68E74441
188,3000,GIFT-3000,0448-cb4c-419f,0448CB4C419F
189,3000,GIFT-3000,0442-1a49-45f8,04421A4945F8
190,3000,GIFT-3000,044b-e3ee-4796,044BE3EE4796
191,3000,GIFT-3000,0442-965a-4d93,0442965A4D93
192,3000,GIFT-3000,044e-508f-4423,044E508F4423
193,3000,GIFT-3000,0445-b5d6-4c0a,0445B5D64C0A
194,3000,GIFT-3000,0449-82f6-4324,044982F64324
195,3000,GIFT-3000,0447-9603-4cb0,044796034CB0
196,3000,GIFT-3000,044a-062a-47bf,044A062A47BF
197,3000,GIFT-3000,0446-d06a-4e1b,0446D06A4E1B
198,3000,GIFT-3000,0446-0083-492a,04460083492A
199,3000,GIFT-3000,0441-8349-483b,04418349483B
200,3000,GIFT-3000,0443-2672-43ef,0443267243EF
201,5000,GIFT-5000,044f-7f41-46ee,044F7F4146EE
202,5000,GIFT-5000,0445-7d37-4418,04457D374418
203,5000,GIFT-5000,0442-5e2f-4753,04425E2F4753
204,5000,GIFT-5000,0447-1fa1-46ff,04471FA146FF
205,5000,GIFT-5000,044e-3f2c-437a,044E3F2C437A
206,5000,GIFT-5000,044a-0c5c-4214,044A0C5C4214
207,5000,GIFT-5000,0449-f880-417c,0449F880417C
208,5000,GIFT-5000,0442-3c28-426a,04423C28426A
209,5000,GIFT-5000,0443-4ba5-4890,04434BA54890
210,5000,GIFT-5000,0440-8be9-487c,04408BE9487C
211,5000,GIFT-5000,044f-ce7f-4297,044FCE7F4297
212,5000,GIFT-5000,0445-34ed-482e,044534ED482E
213,5000,GIFT-5000,0449-d8ed-4411,0449D8ED4411
214,5000,GIFT-5000,044a-f079-4608,044AF0794608
215,5000,GIFT-5000,0440-a45e-4351,0440A45E4351
216,5000,GIFT-5000,0440-6a65-4a92,04406A654A92
217,5000,GIFT-5000,044c-122e-4703,044C122E4703
218,5000,GIFT-5000,0448-ced6-4275,0448CED64275
219,5000,GIFT-5000,0447-7bf0-4934,04477BF04934
220,5000,GIFT-5000,0445-d8e9-4167,0445D8E94167
221,5000,GIFT-5000,0449-ce1c-4960,0449CE1C4960
222,5000,GIFT-5000,0447-c2f2-4934,0447C2F24934
223,5000,GIFT-5000,044f-eeee-4ee0,044FEEEE4EE0
224,5000,GIFT-5000,0445-560a-49ef,0445560A49EF
225,5000,GIFT-5000,0442-e950-40f0,0442E95040F0
226,5000,GIFT-5000,0444-de6b-4d4f,0444DE6B4D4F
227,5000,GIFT-5000,0448-0de4-4d32,04480DE44D32
228,5000,GIFT-5000,0441-33a6-4c42,044133A64C42
229,5000,GIFT-5000,044b-405b-4e2b,044B405B4E2B
230,5000,GIFT-5000,0446-c2fb-4b8f,0446C2FB4B8F
231,5000,GIFT-5000,0448-c42c-4d63,0448C42C4D63
232,5000,GIFT-5000,0442-8880-4e33,044288804E33
233,5000,GIFT-5000,044f-8735-4ab8,044F87354AB8
234,5000,GIFT-5000,0447-5f49-455b,04475F49455B
235,5000,GIFT-5000,0448-fd71-4c28,0448FD714C28
236,5000,GIFT-5000,044d-e931-40f6,044DE93140F6
237,5000,GIFT-5000,0445-9909-4277,044599094277
238,5000,GIFT-5000,0445-1211-41b3,0445121141B3
239,5000,GIFT-5000,044a-ab8e-4193,044AAB8E4193
240,5000,GIFT-5000,044d-0c34-4ad6,044D0C344AD6
241,5000,GIFT-5000,044f-741c-45b8,044F741C45B8
242,5000,GIFT-5000,044c-2d55-4ce5,044C2D554CE5
243,5000,GIFT-5000,044a-0727-4b9c,044A07274B9C
244,5000,GIFT-5000,044f-50b1-4b40,044F50B14B40
245,5000,GIFT-5000,044c-9eaa-449c,044C9EAA449C
246,5000,GIFT-5000,0447-5481-4462,044754814462
247,5000,GIFT-5000,0440-6fe2-4152,04406FE24152
248,5000,GIFT-5000,0449-4536-4a8e,044945364A8E
249,5000,GIFT-5000,0443-b9bc-4e50,0443B9BC4E50
250,5000,GIFT-5000,044e-1162-40be,044E116240BE
